<?xml version='1.0' encoding='utf-8'?><eml:eml packageId="A0866952A6D187F931F5B2CC5D9CE14B/eml-1701386164486.xml" scope="system" system="Plazi" xmlns:d="eml://ecoinformatics.org/dataset-2.0.1" xmlns:dc="http://purl.org/dc/terms/" xmlns:eml="eml://ecoinformatics.org/eml-2.0.1" xmlns:md="eml://ecoinformatics.org/methods-2.0.1" xmlns:proj="eml://ecoinformatics.org/project-2.0.1" xmlns:res="eml://ecoinformatics.org/resource-2.0.1" xmlns:xsi="http://www.w3.org/2001/XMLSchema-instance"><dataset><alternateIdentifier>A0866952A6D187F931F5B2CC5D9CE14B</alternateIdentifier><citation author="Lilian Casatti" issued="2005" title="Revision of the South American freshwater genus Plagioscion (Teleostei, Perciformes, Sciaenidae)." containerTitle="Zootaxa" volume="1080" page="39-64">Lilian Casatti (2005): Revision of the South American freshwater genus Plagioscion (Teleostei, Perciformes, Sciaenidae). Zootaxa 1080: 39-64, URL: http://www.zoobank.org/urn:lsid:zoobank.org:pub:11D3E992-6C7C-4A0B-8450-69B712B77C42</citation><title>Revision of the South American freshwater genus Plagioscion (Teleostei, Perciformes, Sciaenidae).</title><creator><individualName><surName>Lilian Casatti</surName></individualName></creator><pubDate>2005-12-31</pubDate><language>en</language><abstract><para>This dataset contains the digitized treatments in Plazi based on the original journal article Lilian Casatti (2005): Revision of the South American freshwater genus Plagioscion (Teleostei, Perciformes, Sciaenidae). Zootaxa 1080: 39-64, URL: http://www.zoobank.org/urn:lsid:zoobank.org:pub:11D3E992-6C7C-4A0B-8450-69B712B77C42</para></abstract><intellectualRights><para>To the extent possible under law, the publisher has waived all copyright and related or neighboring rights to these data, and has released them under<ulink url="https://creativecommons.org/publicdomain/zero/1.0/"><citetitle>CC0 Public Domain Dedication</citetitle></ulink>.
        Users may copy, modify, distribute and use the work, including for commercial purposes.</para><para>No known copyright restrictions apply. See Agosti, D., Egloff, W., 2009. Taxonomic information exchange and copyright: the Plazi approach. BMC Research Notes 2009, 2:53<ulink url="https://doi.org/10.1186/1756-0500-2-53"><citetitle>https://doi.org/10.1186/1756-0500-2-53</citetitle></ulink>for further explanation.</para></intellectualRights><distribution scope="document"><online><url function="information">https://tb.plazi.org/GgServer/summary/A0866952A6D187F931F5B2CC5D9CE14B</url></online></distribution><contact><individualName><givenName>Guido</givenName><surName>Sautter</surName></individualName><electronicMailAddress>sautter@plazi.org</electronicMailAddress><onlineUrl>https://plazi.org</onlineUrl></contact><associatedParty><organizationName>Magnolia Press</organizationName><address><deliveryPoint>St. Lukes 1346</deliveryPoint><city>Auckland</city><country>New Zealand</country></address><electronicMailAddress>magnolia@mapress.com</electronicMailAddress><onlineUrl>https://www.mapress.com/</onlineUrl><role>publisher</role></associatedParty><associatedParty><organizationName>Plazi</organizationName><address><city>Bern</city><country>Switzerland</country></address><electronicMailAddress>info@plazi.org</electronicMailAddress><onlineUrl>https://plazi.org/</onlineUrl><role>distributor</role></associatedParty><metadataProvider><organizationName>Plazi</organizationName><individualName><givenName>Thomas</givenName><surName>Stierhof</surName></individualName></metadataProvider></dataset><additionalMetadata><metadata><gbif><dateStamp>2023-11-30T23:16:04+0000</dateStamp><bibliography><citation author="Lilian Casatti" issued="2005" title="Revision of the South American freshwater genus Plagioscion (Teleostei, Perciformes, Sciaenidae)." containerTitle="Zootaxa" volume="1080" page="39-64">Lilian Casatti (2005): Revision of the South American freshwater genus Plagioscion (Teleostei, Perciformes, Sciaenidae). Zootaxa 1080: 39-64, URL: http://www.zoobank.org/urn:lsid:zoobank.org:pub:11D3E992-6C7C-4A0B-8450-69B712B77C42</citation></bibliography></gbif><plaziMods><mods:mods xmlns:mods="http://www.loc.gov/mods/v3">
    <mods:titleInfo>
        <mods:title>Revision of the South American freshwater genus Plagioscion (Teleostei, Perciformes, Sciaenidae).</mods:title>
    </mods:titleInfo>
    <mods:name type="personal">
        <mods:role>
            <mods:roleTerm>Author</mods:roleTerm>
        </mods:role>
        <mods:namePart>Lilian Casatti</mods:namePart>
    </mods:name>
    <mods:typeOfResource>text</mods:typeOfResource>
    <mods:relatedItem type="host">
        <mods:titleInfo>
            <mods:title>Zootaxa</mods:title>
        </mods:titleInfo>
        <mods:part>
            <mods:date>2005</mods:date>
            <mods:detail type="volume">
                <mods:number>1080</mods:number>
            </mods:detail>
            <mods:extent unit="page">
                <mods:start>39</mods:start>
                <mods:end>64</mods:end>
            </mods:extent>
        </mods:part>
    </mods:relatedItem>
    <mods:location>
        <mods:url>http://www.zoobank.org/urn:lsid:zoobank.org:pub:11D3E992-6C7C-4A0B-8450-69B712B77C42</mods:url>
    </mods:location>
    <mods:classification>journal article</mods:classification>
    <mods:identifier type="Plazi-Custom">z01080p039</mods:identifier>
    <mods:identifier type="ZooBank">11D3E992-6C7C-4A0B-8450-69B712B77C42</mods:identifier>
</mods:mods></plaziMods></metadata></additionalMetadata></eml:eml>