{
	"identifier": {
		"plazi": "A0866952A6D187F931F5B2CC5D9CE14B"
	},
	"title": "Revision of the South American freshwater genus Plagioscion (Teleostei, Perciformes, Sciaenidae).",
	"version": "1701386164486",
	"issued": "2023-11-30",
	"creator": [
		{
			"family": "Lilian Casatti"
		}
	],
	"editor": [
	],
	"publisher": {
		"organisation": "MagnoliaPress via Plazi",
		"city": "Bern",
		"country": "CH",
		"email": "info@plazi.org",
		"url": "https://plazi.org/"
	},
	"contact": {
		"family": "Sautter",
		"given": "Guido",
		"organisation": "Plazi",
		"email": "sautter@plazi.org",
		"url": "https://plazi.org"
	},
	"description": "This dataset contains the digitized treatments in Plazi based on the original journal article Lilian Casatti (2005): Revision of the South American freshwater genus Plagioscion (Teleostei, Perciformes, Sciaenidae). Zootaxa 1080: 39-64, URL: http://www.zoobank.org/urn:lsid:zoobank.org:pub:11D3E992-6C7C-4A0B-8450-69B712B77C42",
	"url": "https://tb.plazi.org/GgServer/summary/A0866952A6D187F931F5B2CC5D9CE14B",
	"license": "CC0",
	"source": [
		{
			"author": [
				{
					"family": "Lilian Casatti"
				}
			],
			"type": "article-journal",
			"containerTitle": "Zootaxa",
			"volume": "1080",
			"page": "39-64",
			"issued": "2005",
			"title": "Revision of the South American freshwater genus Plagioscion (Teleostei, Perciformes, Sciaenidae)."
		}
	]
}
